filename,file_size,file_attributes,region_count,region_id,region_shape_attributes,region_attributes
IMG_20200113_104012_HDR.jpg,1384106,"{""caption"":"""",""public_domain"":""no"",""image_url"":""""}",1,0,"{""name"":""rect"",""x"":370,""y"":178,""width"":3455,""height"":2700}","{""name"":""not_defined"",""type"":""unknown"",""image_quality"":{""good"":true,""frontal"":true,""good_illumination"":true}}"
IMG_20200113_104106_HDR.jpg,1142232,"{""caption"":"""",""public_domain"":""no"",""image_url"":""""}",1,0,"{""name"":""rect"",""x"":242,""y"":385,""width"":2771,""height"":2294}","{""name"":""not_defined"",""type"":""unknown"",""image_quality"":{""good"":true,""frontal"":true,""good_illumination"":true}}"
IMG_20200122_164741_HDR.jpg,2014512,"{""caption"":"""",""public_domain"":""no"",""image_url"":""""}",2,0,"{""name"":""rect"",""x"":598,""y"":342,""width"":1843,""height"":1577}","{""name"":""not_defined"",""type"":""unknown"",""image_quality"":{""good"":true,""frontal"":true,""good_illumination"":true}}"
IMG_20200122_164741_HDR.jpg,2014512,"{""caption"":"""",""public_domain"":""no"",""image_url"":""""}",2,1,"{""name"":""rect"",""x"":560,""y"":2042,""width"":2184,""height"":1995}","{""name"":""not_defined"",""type"":""unknown"",""image_quality"":{""good"":true,""frontal"":true,""good_illumination"":true}}"
IMG_20200122_164756_HDR.jpg,1356720,"{""caption"":"""",""public_domain"":""no"",""image_url"":""""}",2,0,"{""name"":""rect"",""x"":665,""y"":20,""width"":1833,""height"":1567}","{""name"":""not_defined"",""type"":""unknown"",""image_quality"":{""good"":true,""frontal"":true,""good_illumination"":true}}"
IMG_20200122_164756_HDR.jpg,1356720,"{""caption"":"""",""public_domain"":""no"",""image_url"":""""}",2,1,"{""name"":""rect"",""x"":570,""y"":1938,""width"":2184,""height"":2194}","{""name"":""not_defined"",""type"":""unknown"",""image_quality"":{""good"":true,""frontal"":true,""good_illumination"":true}}"
IMG_20200122_164820_HDR.jpg,1847148,"{""caption"":"""",""public_domain"":""no"",""image_url"":""""}",1,0,"{""name"":""rect"",""x"":560,""y"":788,""width"":2488,""height"":2517}","{""name"":""not_defined"",""type"":""unknown"",""image_quality"":{""good"":true,""frontal"":true,""good_illumination"":true}}"
IMG_20200122_164838_HDR.jpg,1958025,"{""caption"":"""",""public_domain"":""no"",""image_url"":""""}",2,0,"{""name"":""rect"",""x"":988,""y"":294,""width"":1615,""height"":1453}","{""name"":""not_defined"",""type"":""unknown"",""image_quality"":{""good"":true,""frontal"":true,""good_illumination"":true}}"
IMG_20200122_164838_HDR.jpg,1958025,"{""caption"":"""",""public_domain"":""no"",""image_url"":""""}",2,1,"{""name"":""rect"",""x"":855,""y"":2118,""width"":1767,""height"":1824}","{""name"":""not_defined"",""type"":""unknown"",""image_quality"":{""good"":true,""frontal"":true,""good_illumination"":true}}"
IMG_20200122_164854_HDR.jpg,1835090,"{""caption"":"""",""public_domain"":""no"",""image_url"":""""}",2,0,"{""name"":""rect"",""x"":1026,""y"":256,""width"":1596,""height"":1501}","{""name"":""not_defined"",""type"":""unknown"",""image_quality"":{""good"":true,""frontal"":true,""good_illumination"":true}}"
IMG_20200122_164854_HDR.jpg,1835090,"{""caption"":"""",""public_domain"":""no"",""image_url"":""""}",2,1,"{""name"":""rect"",""x"":1035,""y"":2232,""width"":1776,""height"":1596}","{""name"":""not_defined"",""type"":""unknown"",""image_quality"":{""good"":true,""frontal"":true,""good_illumination"":true}}"
IMG_20200122_164909_HDR.jpg,1610161,"{""caption"":"""",""public_domain"":""no"",""image_url"":""""}",1,0,"{""name"":""rect"",""x"":847,""y"":1010,""width"":2620,""height"":1930}","{""name"":""not_defined"",""type"":""unknown"",""image_quality"":{""good"":true,""frontal"":true,""good_illumination"":true}}"
IMG_20200122_165009_HDR.jpg,1514930,"{""caption"":"""",""public_domain"":""no"",""image_url"":""""}",2,0,"{""name"":""rect"",""x"":2073,""y"":741,""width"":1667,""height"":1995}","{""name"":""not_defined"",""type"":""unknown"",""image_quality"":{""good"":true,""frontal"":true,""good_illumination"":true}}"
IMG_20200122_165009_HDR.jpg,1514930,"{""caption"":"""",""public_domain"":""no"",""image_url"":""""}",2,1,"{""name"":""rect"",""x"":21,""y"":784,""width"":1781,""height"":2087}","{""name"":""not_defined"",""type"":""unknown"",""image_quality"":{""good"":true,""frontal"":true,""good_illumination"":true}}"
IMG_20200122_165023_HDR.jpg,1679869,"{""caption"":"""",""public_domain"":""no"",""image_url"":""""}",2,0,"{""name"":""rect"",""x"":1304,""y"":292,""width"":1731,""height"":1047}","{""name"":""not_defined"",""type"":""unknown"",""image_quality"":{""good"":true,""frontal"":true,""good_illumination"":true}}"
IMG_20200122_165023_HDR.jpg,1679869,"{""caption"":"""",""public_domain"":""no"",""image_url"":""""}",2,1,"{""name"":""rect"",""x"":769,""y"":1368,""width"":2785,""height"":1560}","{""name"":""not_defined"",""type"":""unknown"",""image_quality"":{""good"":true,""frontal"":true,""good_illumination"":true}}"
IMG_20200122_165039_HDR.jpg,1888558,"{""caption"":"""",""public_domain"":""no"",""image_url"":""""}",2,0,"{""name"":""rect"",""x"":2458,""y"":748,""width"":1688,""height"":1610}","{""name"":""not_defined"",""type"":""unknown"",""image_quality"":{""good"":true,""frontal"":true,""good_illumination"":true}}"
IMG_20200122_165039_HDR.jpg,1888558,"{""caption"":"""",""public_domain"":""no"",""image_url"":""""}",2,1,"{""name"":""rect"",""x"":36,""y"":1004,""width"":1859,""height"":1567}","{""name"":""not_defined"",""type"":""unknown"",""image_quality"":{""good"":true,""frontal"":true,""good_illumination"":true}}"
IMG_20200122_165104_HDR.jpg,1690820,"{""caption"":"""",""public_domain"":""no"",""image_url"":""""}",1,0,"{""name"":""rect"",""x"":256,""y"":1140,""width"":2555,""height"":2251}","{""name"":""not_defined"",""type"":""unknown"",""image_quality"":{""good"":true,""frontal"":true,""good_illumination"":true}}"
IMG_20200122_165114_HDR.jpg,1455794,"{""caption"":"""",""public_domain"":""no"",""image_url"":""""}",1,0,"{""name"":""rect"",""x"":456,""y"":1026,""width"":2835,""height"":1553}","{""name"":""not_defined"",""type"":""unknown"",""image_quality"":{""good"":true,""frontal"":true,""good_illumination"":true}}"
IMG_20200122_165124_HDR.jpg,1450646,"{""caption"":"""",""public_domain"":""no"",""image_url"":""""}",1,0,"{""name"":""rect"",""x"":534,""y"":841,""width"":3498,""height"":2108}","{""name"":""not_defined"",""type"":""unknown"",""image_quality"":{""good"":true,""frontal"":true,""good_illumination"":true}}"
IMG_20200122_165141_HDR.jpg,1918466,"{""caption"":"""",""public_domain"":""no"",""image_url"":""""}",1,0,"{""name"":""rect"",""x"":855,""y"":285,""width"":2329,""height"":2828}","{""name"":""not_defined"",""type"":""unknown"",""image_quality"":{""good"":true,""frontal"":true,""good_illumination"":true}}"
IMG_20200122_165214_HDR.jpg,1360531,"{""caption"":"""",""public_domain"":""no"",""image_url"":""""}",2,0,"{""name"":""rect"",""x"":722,""y"":380,""width"":1890,""height"":1605}","{""name"":""not_defined"",""type"":""unknown"",""image_quality"":{""good"":true,""frontal"":true,""good_illumination"":true}}"
IMG_20200122_165214_HDR.jpg,1360531,"{""caption"":"""",""public_domain"":""no"",""image_url"":""""}",2,1,"{""name"":""rect"",""x"":589,""y"":2137,""width"":2203,""height"":1928}","{""name"":""not_defined"",""type"":""unknown"",""image_quality"":{""good"":true,""frontal"":true,""good_illumination"":true}}"
IMG_20200122_165226_HDR.jpg,1397580,"{""caption"":"""",""public_domain"":""no"",""image_url"":""""}",2,0,"{""name"":""rect"",""x"":1147,""y"":684,""width"":1852,""height"":691}","{""name"":""not_defined"",""type"":""unknown"",""image_quality"":{""good"":true,""frontal"":true,""good_illumination"":true}}"
IMG_20200122_165226_HDR.jpg,1397580,"{""caption"":"""",""public_domain"":""no"",""image_url"":""""}",2,1,"{""name"":""rect"",""x"":420,""y"":1382,""width"":3498,""height"":1731}","{""name"":""not_defined"",""type"":""unknown"",""image_quality"":{""good"":true,""frontal"":true,""good_illumination"":true}}"
IMG_20200122_165241_HDR.jpg,1326801,"{""caption"":"""",""public_domain"":""no"",""image_url"":""""}",2,0,"{""name"":""rect"",""x"":1068,""y"":256,""width"":1852,""height"":955}","{""name"":""not_defined"",""type"":""unknown"",""image_quality"":{""good"":true,""frontal"":true,""good_illumination"":true}}"
IMG_20200122_165241_HDR.jpg,1326801,"{""caption"":"""",""public_domain"":""no"",""image_url"":""""}",2,1,"{""name"":""rect"",""x"":363,""y"":1268,""width"":2942,""height"":1845}","{""name"":""not_defined"",""type"":""unknown"",""image_quality"":{""good"":true,""frontal"":true,""good_illumination"":true}}"
IMG_20200122_165343_HDR.jpg,1422629,"{""caption"":"""",""public_domain"":""no"",""image_url"":""""}",2,0,"{""name"":""rect"",""x"":883,""y"":152,""width"":1558,""height"":1691}","{""name"":""not_defined"",""type"":""unknown"",""image_quality"":{""good"":true,""frontal"":true,""good_illumination"":true}}"
IMG_20200122_165343_HDR.jpg,1422629,"{""caption"":"""",""public_domain"":""no"",""image_url"":""""}",2,1,"{""name"":""rect"",""x"":722,""y"":2203,""width"":1738,""height"":1928}","{""name"":""not_defined"",""type"":""unknown"",""image_quality"":{""good"":true,""frontal"":true,""good_illumination"":true}}"
IMG_20200122_165353_HDR.jpg,1752656,"{""caption"":"""",""public_domain"":""no"",""image_url"":""""}",2,0,"{""name"":""rect"",""x"":1332,""y"":214,""width"":1717,""height"":890}","{""name"":""not_defined"",""type"":""unknown"",""image_quality"":{""good"":true,""frontal"":true,""good_illumination"":true}}"
IMG_20200122_165353_HDR.jpg,1752656,"{""caption"":"""",""public_domain"":""no"",""image_url"":""""}",2,1,"{""name"":""rect"",""x"":755,""y"":1118,""width"":2913,""height"":1738}","{""name"":""not_defined"",""type"":""unknown"",""image_quality"":{""good"":true,""frontal"":true,""good_illumination"":true}}"
IMG_20200122_165408_HDR.jpg,1941470,"{""caption"":"""",""public_domain"":""no"",""image_url"":""""}",2,0,"{""name"":""rect"",""x"":750,""y"":95,""width"":1947,""height"":1596}","{""name"":""not_defined"",""type"":""unknown"",""image_quality"":{""good"":true,""frontal"":true,""good_illumination"":true}}"
IMG_20200122_165408_HDR.jpg,1941470,"{""caption"":"""",""public_domain"":""no"",""image_url"":""""}",2,1,"{""name"":""rect"",""x"":446,""y"":1719,""width"":2469,""height"":2175}","{""name"":""not_defined"",""type"":""unknown"",""image_quality"":{""good"":true,""frontal"":true,""good_illumination"":true}}"
IMG_20200122_165419_HDR.jpg,1883603,"{""caption"":"""",""public_domain"":""no"",""image_url"":""""}",1,0,"{""name"":""rect"",""x"":626,""y"":1054,""width"":2488,""height"":1995}","{""name"":""not_defined"",""type"":""unknown"",""image_quality"":{""good"":true,""frontal"":true,""good_illumination"":true}}"
IMG_20200122_165428_HDR.jpg,1677937,"{""caption"":"""",""public_domain"":""no"",""image_url"":""""}",1,0,"{""name"":""rect"",""x"":577,""y"":748,""width"":3177,""height"":1674}","{""name"":""not_defined"",""type"":""unknown"",""image_quality"":{""good"":true,""frontal"":true,""good_illumination"":true}}"
IMG_20200122_165441_HDR.jpg,1035507,"{""caption"":"""",""public_domain"":""no"",""image_url"":""""}",1,0,"{""name"":""rect"",""x"":955,""y"":1033,""width"":2814,""height"":2037}","{""name"":""not_defined"",""type"":""unknown"",""image_quality"":{""good"":true,""frontal"":true,""good_illumination"":true}}"
IMG_20200122_165450_HDR.jpg,1278750,"{""caption"":"""",""public_domain"":""no"",""image_url"":""""}",1,0,"{""name"":""rect"",""x"":760,""y"":1254,""width"":2355,""height"":1767}","{""name"":""not_defined"",""type"":""unknown"",""image_quality"":{""good"":true,""frontal"":true,""good_illumination"":true}}"
IMG_20200122_165514_HDR.jpg,1281842,"{""caption"":"""",""public_domain"":""no"",""image_url"":""""}",1,0,"{""name"":""rect"",""x"":1218,""y"":741,""width"":1873,""height"":2372}","{""name"":""not_defined"",""type"":""unknown"",""image_quality"":{""good"":true,""frontal"":true,""good_illumination"":true}}"
IMG_20200122_165525_HDR.jpg,1164417,"{""caption"":"""",""public_domain"":""no"",""image_url"":""""}",1,0,"{""name"":""rect"",""x"":731,""y"":1444,""width"":2365,""height"":1624}","{""name"":""not_defined"",""type"":""unknown"",""image_quality"":{""good"":true,""frontal"":true,""good_illumination"":true}}"
IMG_20200122_165540_HDR.jpg,1593977,"{""caption"":"""",""public_domain"":""no"",""image_url"":""""}",1,0,"{""name"":""rect"",""x"":1012,""y"":775,""width"":1852,""height"":2336}","{""name"":""not_defined"",""type"":""unknown"",""image_quality"":{""good"":true,""frontal"":true,""good_illumination"":true}}"
IMG_20200122_165549_HDR.jpg,1756305,"{""caption"":"""",""public_domain"":""no"",""image_url"":""""}",1,0,"{""name"":""rect"",""x"":734,""y"":826,""width"":3084,""height"":1731}","{""name"":""not_defined"",""type"":""unknown"",""image_quality"":{""good"":true,""frontal"":true,""good_illumination"":true}}"
IMG_20200122_165601_HDR.jpg,1653797,"{""caption"":"""",""public_domain"":""no"",""image_url"":""""}",1,0,"{""name"":""rect"",""x"":250,""y"":845,""width"":2146,""height"":2935}","{""name"":""not_defined"",""type"":""unknown"",""image_quality"":{""good"":true,""frontal"":true,""good_illumination"":true}}"
IMG_20200123_100545_HDR.jpg,2121578,"{""caption"":"""",""public_domain"":""no"",""image_url"":""""}",2,0,"{""name"":""rect"",""x"":741,""y"":349,""width"":1938,""height"":1631}","{""name"":""not_defined"",""type"":""unknown"",""image_quality"":{""good"":true,""frontal"":true,""good_illumination"":true}}"
IMG_20200123_100545_HDR.jpg,2121578,"{""caption"":"""",""public_domain"":""no"",""image_url"":""""}",2,1,"{""name"":""rect"",""x"":734,""y"":1988,""width"":2057,""height"":2054}","{""name"":""not_defined"",""type"":""unknown"",""image_quality"":{""good"":true,""frontal"":true,""good_illumination"":true}}"
IMG_20200123_100603_HDR.jpg,1460633,"{""caption"":"""",""public_domain"":""no"",""image_url"":""""}",2,0,"{""name"":""rect"",""x"":1220,""y"":418,""width"":1818,""height"":846}","{""name"":""not_defined"",""type"":""unknown"",""image_quality"":{""good"":true,""frontal"":true,""good_illumination"":true}}"
IMG_20200123_100603_HDR.jpg,1460633,"{""caption"":"""",""public_domain"":""no"",""image_url"":""""}",2,1,"{""name"":""rect"",""x"":883,""y"":1272,""width"":3011,""height"":1840}","{""name"":""not_defined"",""type"":""unknown"",""image_quality"":{""good"":true,""frontal"":true,""good_illumination"":true}}"
IMG_20200123_100655_HDR.jpg,1275250,"{""caption"":"""",""public_domain"":""no"",""image_url"":""""}",2,0,"{""name"":""rect"",""x"":1156,""y"":1702,""width"":2805,""height"":1375}","{""name"":""not_defined"",""type"":""unknown"",""image_quality"":{""good"":true,""frontal"":true,""good_illumination"":true}}"
IMG_20200123_100655_HDR.jpg,1275250,"{""caption"":"""",""public_domain"":""no"",""image_url"":""""}",2,1,"{""name"":""rect"",""x"":1302,""y"":1055,""width"":1728,""height"":637}","{""name"":""not_defined"",""type"":""unknown"",""image_quality"":{""good"":true,""frontal"":true,""good_illumination"":true}}"
IMG_20200123_100705_HDR.jpg,1897323,"{""caption"":"""",""public_domain"":""no"",""image_url"":""""}",2,0,"{""name"":""rect"",""x"":353,""y"":112,""width"":1725,""height"":2121}","{""name"":""not_defined"",""type"":""unknown"",""image_quality"":{""good"":true,""frontal"":true,""good_illumination"":true}}"
IMG_20200123_100705_HDR.jpg,1897323,"{""caption"":"""",""public_domain"":""no"",""image_url"":""""}",2,1,"{""name"":""rect"",""x"":2090,""y"":45,""width"":2037,""height"":2188}","{""name"":""not_defined"",""type"":""unknown"",""image_quality"":{""good"":true,""frontal"":true,""good_illumination"":true}}"
IMG_20200123_100720_HDR.jpg,1017860,"{""caption"":"""",""public_domain"":""no"",""image_url"":""""}",2,0,"{""name"":""rect"",""x"":2347,""y"":556,""width"":1754,""height"":1470}","{""name"":""not_defined"",""type"":""unknown"",""image_quality"":{""good"":true,""frontal"":true,""good_illumination"":true}}"
IMG_20200123_100720_HDR.jpg,1017860,"{""caption"":"""",""public_domain"":""no"",""image_url"":""""}",2,1,"{""name"":""rect"",""x"":2,""y"":515,""width"":2338,""height"":1723}","{""name"":""not_defined"",""type"":""unknown"",""image_quality"":{""good"":true,""frontal"":true,""good_illumination"":true}}"
IMG_20200123_100749_HDR.jpg,1754915,"{""caption"":"""",""public_domain"":""no"",""image_url"":""""}",1,0,"{""name"":""rect"",""x"":1223,""y"":528,""width"":1494,""height"":2585}","{""name"":""not_defined"",""type"":""unknown"",""image_quality"":{""good"":true,""frontal"":true,""good_illumination"":true}}"
IMG_20200123_100804_HDR.jpg,1373561,"{""caption"":"""",""public_domain"":""no"",""image_url"":""""}",1,0,"{""name"":""rect"",""x"":1120,""y"":1093,""width"":2899,""height"":1244}","{""name"":""not_defined"",""type"":""unknown"",""image_quality"":{""good"":true,""frontal"":true,""good_illumination"":true}}"
IMG_20200123_100824_HDR.jpg,1539176,"{""caption"":"""",""public_domain"":""no"",""image_url"":""""}",1,0,"{""name"":""rect"",""x"":586,""y"":758,""width"":2656,""height"":1829}","{""name"":""not_defined"",""type"":""unknown"",""image_quality"":{""good"":true,""frontal"":true,""good_illumination"":true}}"
IMG_20200123_100839_HDR.jpg,1514196,"{""caption"":"""",""public_domain"":""no"",""image_url"":""""}",1,0,"{""name"":""rect"",""x"":1103,""y"":1021,""width"":2974,""height"":1302}","{""name"":""not_defined"",""type"":""unknown"",""image_quality"":{""good"":true,""frontal"":true,""good_illumination"":true}}"
IMG_20200123_100904_HDR.jpg,1407025,"{""caption"":"""",""public_domain"":""no"",""image_url"":""""}",1,0,"{""name"":""rect"",""x"":1497,""y"":644,""width"":2362,""height"":2311}","{""name"":""not_defined"",""type"":""unknown"",""image_quality"":{""good"":true,""frontal"":true,""good_illumination"":true}}"
IMG_20200123_100931_HDR.jpg,1638707,"{""caption"":"""",""public_domain"":""no"",""image_url"":""""}",1,0,"{""name"":""rect"",""x"":1548,""y"":637,""width"":2250,""height"":2217}","{""name"":""not_defined"",""type"":""unknown"",""image_quality"":{""good"":true,""frontal"":true,""good_illumination"":true}}"
IMG_20200123_100941_HDR.jpg,1724701,"{""caption"":"""",""public_domain"":""no"",""image_url"":""""}",1,0,"{""name"":""rect"",""x"":1592,""y"":63,""width"":1465,""height"":2107}","{""name"":""not_defined"",""type"":""unknown"",""image_quality"":{""good"":true,""frontal"":true,""good_illumination"":true}}"
IMG_20200123_101003_HDR.jpg,1299256,"{""caption"":"""",""public_domain"":""no"",""image_url"":""""}",1,0,"{""name"":""rect"",""x"":1058,""y"":637,""width"":1628,""height"":2450}","{""name"":""not_defined"",""type"":""unknown"",""image_quality"":{""good"":true,""frontal"":true,""good_illumination"":true}}"
IMG_20200123_101015_HDR.jpg,1436677,"{""caption"":"""",""public_domain"":""no"",""image_url"":""""}",1,0,"{""name"":""rect"",""x"":1103,""y"":822,""width"":2179,""height"":1862}","{""name"":""not_defined"",""type"":""unknown"",""image_quality"":{""good"":true,""frontal"":true,""good_illumination"":true}}"
IMG_20200123_101033_HDR.jpg,1484133,"{""caption"":"""",""public_domain"":""no"",""image_url"":""""}",1,0,"{""name"":""rect"",""x"":972,""y"":695,""width"":2968,""height"":1900}","{""name"":""not_defined"",""type"":""unknown"",""image_quality"":{""good"":true,""frontal"":true,""good_illumination"":true}}"
IMG_20200123_101056_HDR.jpg,1172812,"{""caption"":"""",""public_domain"":""no"",""image_url"":""""}",1,0,"{""name"":""rect"",""x"":789,""y"":538,""width"":2410,""height"":2433}","{""name"":""not_defined"",""type"":""unknown"",""image_quality"":{""good"":true,""frontal"":true,""good_illumination"":true}}"
IMG_20200123_101119_HDR.jpg,1538250,"{""caption"":"""",""public_domain"":""no"",""image_url"":""""}",1,0,"{""name"":""rect"",""x"":814,""y"":898,""width"":2653,""height"":1639}","{""name"":""not_defined"",""type"":""unknown"",""image_quality"":{""good"":true,""frontal"":true,""good_illumination"":true}}"
IMG_20200123_101132_HDR.jpg,1630795,"{""caption"":"""",""public_domain"":""no"",""image_url"":""""}",1,0,"{""name"":""rect"",""x"":1149,""y"":667,""width"":2460,""height"":1933}","{""name"":""not_defined"",""type"":""unknown"",""image_quality"":{""good"":true,""frontal"":true,""good_illumination"":true}}"
IMG_20200123_101144_HDR.jpg,1349327,"{""caption"":"""",""public_domain"":""no"",""image_url"":""""}",1,0,"{""name"":""rect"",""x"":1594,""y"":576,""width"":1276,""height"":1767}","{""name"":""not_defined"",""type"":""unknown"",""image_quality"":{""good"":true,""frontal"":true,""good_illumination"":true}}"
IMG_20200123_101202_HDR.jpg,1190666,"{""caption"":"""",""public_domain"":""no"",""image_url"":""""}",1,0,"{""name"":""rect"",""x"":1362,""y"":667,""width"":1400,""height"":2344}","{""name"":""not_defined"",""type"":""unknown"",""image_quality"":{""good"":true,""frontal"":true,""good_illumination"":true}}"
IMG_20200123_101251_HDR.jpg,1538257,"{""caption"":"""",""public_domain"":""no"",""image_url"":""""}",2,0,"{""name"":""rect"",""x"":1085,""y"":486,""width"":1390,""height"":1701}","{""name"":""not_defined"",""type"":""unknown"",""image_quality"":{""good"":true,""frontal"":true,""good_illumination"":true}}"
IMG_20200123_101251_HDR.jpg,1538257,"{""caption"":"""",""public_domain"":""no"",""image_url"":""""}",2,1,"{""name"":""rect"",""x"":1149,""y"":2363,""width"":1487,""height"":1477}","{""name"":""not_defined"",""type"":""unknown"",""image_quality"":{""good"":true,""frontal"":true,""good_illumination"":true}}"
IMG_20200123_101332_HDR.jpg,1411777,"{""caption"":"""",""public_domain"":""no"",""image_url"":""""}",1,0,"{""name"":""rect"",""x"":1375,""y"":58,""width"":2022,""height"":2282}","{""name"":""not_defined"",""type"":""unknown"",""image_quality"":{""good"":true,""frontal"":true,""good_illumination"":true}}"
IMG_20200123_101345_HDR.jpg,1147082,"{""caption"":"""",""public_domain"":""no"",""image_url"":""""}",1,0,"{""name"":""rect"",""x"":1012,""y"":829,""width"":2968,""height"":1872}","{""name"":""not_defined"",""type"":""unknown"",""image_quality"":{""good"":true,""frontal"":true,""good_illumination"":true}}"
IMG_20200123_101417_HDR.jpg,1423910,"{""caption"":"""",""public_domain"":""no"",""image_url"":""""}",1,0,"{""name"":""rect"",""x"":1470,""y"":97,""width"":1971,""height"":2245}","{""name"":""not_defined"",""type"":""unknown"",""image_quality"":{""good"":true,""frontal"":true,""good_illumination"":true}}"
IMG_20200123_101428_HDR.jpg,1302631,"{""caption"":"""",""public_domain"":""no"",""image_url"":""""}",1,0,"{""name"":""rect"",""x"":852,""y"":832,""width"":2887,""height"":1864}","{""name"":""not_defined"",""type"":""unknown"",""image_quality"":{""good"":true,""frontal"":true,""good_illumination"":true}}"
IMG_20200123_101452_HDR.jpg,1501529,"{""caption"":"""",""public_domain"":""no"",""image_url"":""""}",1,0,"{""name"":""rect"",""x"":722,""y"":1361,""width"":2018,""height"":1429}","{""name"":""not_defined"",""type"":""unknown"",""image_quality"":{""good"":true,""frontal"":true,""good_illumination"":true}}"
IMG_20200123_101505_HDR.jpg,1352719,"{""caption"":"""",""public_domain"":""no"",""image_url"":""""}",1,0,"{""name"":""rect"",""x"":982,""y"":763,""width"":2717,""height"":1587}","{""name"":""not_defined"",""type"":""unknown"",""image_quality"":{""good"":true,""frontal"":true,""good_illumination"":true}}"
IMG_20200123_101543_HDR.jpg,1268700,"{""caption"":"""",""public_domain"":""no"",""image_url"":""""}",1,0,"{""name"":""rect"",""x"":1030,""y"":992,""width"":2549,""height"":1433}","{""name"":""not_defined"",""type"":""unknown"",""image_quality"":{""good"":true,""frontal"":true,""good_illumination"":true}}"
IMG_20200123_101600_HDR.jpg,1397214,"{""caption"":"""",""public_domain"":""no"",""image_url"":""""}",1,0,"{""name"":""rect"",""x"":1337,""y"":37,""width"":1657,""height"":2306}","{""name"":""not_defined"",""type"":""unknown"",""image_quality"":{""good"":true,""frontal"":true,""good_illumination"":true}}"
IMG_20200123_101618_HDR.jpg,1250487,"{""caption"":"""",""public_domain"":""no"",""image_url"":""""}",1,0,"{""name"":""rect"",""x"":982,""y"":804,""width"":2932,""height"":1636}","{""name"":""not_defined"",""type"":""unknown"",""image_quality"":{""good"":true,""frontal"":true,""good_illumination"":true}}"
IMG_20200123_101634_HDR.jpg,1511809,"{""caption"":"""",""public_domain"":""no"",""image_url"":""""}",1,0,"{""name"":""rect"",""x"":964,""y"":824,""width"":2935,""height"":1677}","{""name"":""not_defined"",""type"":""unknown"",""image_quality"":{""good"":true,""frontal"":true,""good_illumination"":true}}"
IMG_20200123_101652_HDR.jpg,1688344,"{""caption"":"""",""public_domain"":""no"",""image_url"":""""}",1,0,"{""name"":""rect"",""x"":1135,""y"":80,""width"":1633,""height"":2260}","{""name"":""not_defined"",""type"":""unknown"",""image_quality"":{""good"":true,""frontal"":true,""good_illumination"":true}}"
IMG_20200123_101705_HDR.jpg,1429457,"{""caption"":"""",""public_domain"":""no"",""image_url"":""""}",1,0,"{""name"":""rect"",""x"":1502,""y"":233,""width"":1588,""height"":2395}","{""name"":""not_defined"",""type"":""unknown"",""image_quality"":{""good"":true,""frontal"":true,""good_illumination"":true}}"
IMG_20200123_101717_HDR.jpg,1539775,"{""caption"":"""",""public_domain"":""no"",""image_url"":""""}",1,0,"{""name"":""rect"",""x"":887,""y"":676,""width"":2802,""height"":1453}","{""name"":""not_defined"",""type"":""unknown"",""image_quality"":{""good"":true,""frontal"":true,""good_illumination"":true}}"
IMG_20200123_101818_HDR.jpg,1499924,"{""caption"":"""",""public_domain"":""no"",""image_url"":""""}",1,0,"{""name"":""rect"",""x"":1012,""y"":515,""width"":3024,""height"":1943}","{""name"":""not_defined"",""type"":""unknown"",""image_quality"":{""good"":true,""frontal"":true,""good_illumination"":true}}"
IMG_20200123_101826_HDR.jpg,1842426,"{""caption"":"""",""public_domain"":""no"",""image_url"":""""}",1,0,"{""name"":""rect"",""x"":1091,""y"":84,""width"":2014,""height"":2963}","{""name"":""not_defined"",""type"":""unknown"",""image_quality"":{""good"":true,""frontal"":true,""good_illumination"":true}}"
IMG_20200123_101848_HDR.jpg,1192421,"{""caption"":"""",""public_domain"":""no"",""image_url"":""""}",1,0,"{""name"":""rect"",""x"":878,""y"":563,""width"":2679,""height"":2395}","{""name"":""not_defined"",""type"":""unknown"",""image_quality"":{""good"":true,""frontal"":true,""good_illumination"":true}}"
IMG_20200123_101906_HDR.jpg,2120689,"{""caption"":"""",""public_domain"":""no"",""image_url"":""""}",2,0,"{""name"":""rect"",""x"":228,""y"":208,""width"":1646,""height"":2329}","{""name"":""not_defined"",""type"":""unknown"",""image_quality"":{""good"":true,""frontal"":true,""good_illumination"":true}}"
IMG_20200123_101906_HDR.jpg,2120689,"{""caption"":"""",""public_domain"":""no"",""image_url"":""""}",2,1,"{""name"":""rect"",""x"":1890,""y"":208,""width"":1492,""height"":2192}","{""name"":""not_defined"",""type"":""unknown"",""image_quality"":{""good"":true,""frontal"":true,""good_illumination"":true}}"
IMG_20200123_101919_HDR.jpg,1631664,"{""caption"":"""",""public_domain"":""no"",""image_url"":""""}",1,0,"{""name"":""rect"",""x"":596,""y"":677,""width"":2067,""height"":2313}","{""name"":""not_defined"",""type"":""unknown"",""image_quality"":{""good"":true,""frontal"":true,""good_illumination"":true}}"
IMG_20200123_101929_HDR.jpg,1397446,"{""caption"":"""",""public_domain"":""no"",""image_url"":""""}",1,0,"{""name"":""rect"",""x"":710,""y"":978,""width"":2871,""height"":1630}","{""name"":""not_defined"",""type"":""unknown"",""image_quality"":{""good"":true,""frontal"":true,""good_illumination"":true}}"
IMG_20200123_101942_HDR.jpg,1870093,"{""caption"":"""",""public_domain"":""no"",""image_url"":""""}",2,0,"{""name"":""rect"",""x"":2052,""y"":136,""width"":1613,""height"":2291}","{""name"":""not_defined"",""type"":""unknown"",""image_quality"":{""good"":true,""frontal"":true,""good_illumination"":true}}"
IMG_20200123_101942_HDR.jpg,1870093,"{""caption"":"""",""public_domain"":""no"",""image_url"":""""}",2,1,"{""name"":""rect"",""x"":557,""y"":426,""width"":1484,""height"":2080}","{""name"":""not_defined"",""type"":""unknown"",""image_quality"":{""good"":true,""frontal"":true,""good_illumination"":true}}"
IMG_20200123_101952_HDR.jpg,1779793,"{""caption"":"""",""public_domain"":""no"",""image_url"":""""}",2,0,"{""name"":""rect"",""x"":2248,""y"":579,""width"":1813,""height"":2534}","{""name"":""not_defined"",""type"":""unknown"",""image_quality"":{""good"":true,""frontal"":true,""good_illumination"":true}}"
IMG_20200123_101952_HDR.jpg,1779793,"{""caption"":"""",""public_domain"":""no"",""image_url"":""""}",2,1,"{""name"":""rect"",""x"":511,""y"":522,""width"":1713,""height"":2542}","{""name"":""not_defined"",""type"":""unknown"",""image_quality"":{""good"":true,""frontal"":true,""good_illumination"":true}}"
IMG_20200123_102005_HDR.jpg,1416871,"{""caption"":"""",""public_domain"":""no"",""image_url"":""""}",2,0,"{""name"":""rect"",""x"":172,""y"":347,""width"":2158,""height"":2594}","{""name"":""not_defined"",""type"":""unknown"",""image_quality"":{""good"":true,""frontal"":true,""good_illumination"":true}}"
IMG_20200123_102005_HDR.jpg,1416871,"{""caption"":"""",""public_domain"":""no"",""image_url"":""""}",2,1,"{""name"":""rect"",""x"":2339,""y"":269,""width"":1659,""height"":2070}","{""name"":""not_defined"",""type"":""unknown"",""image_quality"":{""good"":true,""frontal"":true,""good_illumination"":true}}"
IMG_20200123_102015_HDR.jpg,1625547,"{""caption"":"""",""public_domain"":""no"",""image_url"":""""}",1,0,"{""name"":""rect"",""x"":855,""y"":1148,""width"":2841,""height"":1645}","{""name"":""not_defined"",""type"":""unknown"",""image_quality"":{""good"":true,""frontal"":true,""good_illumination"":true}}"
IMG_20200123_132926_HDR.jpg,1290582,"{""caption"":"""",""public_domain"":""no"",""image_url"":""""}",1,0,"{""name"":""rect"",""x"":276,""y"":328,""width"":2372,""height"":3274}","{""name"":""not_defined"",""type"":""unknown"",""image_quality"":{""good"":true,""frontal"":true,""good_illumination"":true}}"
IMG_20200123_132938_HDR.jpg,1203682,"{""caption"":"""",""public_domain"":""no"",""image_url"":""""}",1,0,"{""name"":""rect"",""x"":356,""y"":551,""width"":3211,""height"":1892}","{""name"":""not_defined"",""type"":""unknown"",""image_quality"":{""good"":true,""frontal"":true,""good_illumination"":true}}"
IMG_20200123_132956_HDR.jpg,1243780,"{""caption"":"""",""public_domain"":""no"",""image_url"":""""}",1,0,"{""name"":""rect"",""x"":1322,""y"":434,""width"":2057,""height"":2673}","{""name"":""not_defined"",""type"":""unknown"",""image_quality"":{""good"":true,""frontal"":true,""good_illumination"":true}}"
IMG_20200123_133009_HDR.jpg,1216594,"{""caption"":"""",""public_domain"":""no"",""image_url"":""""}",1,0,"{""name"":""rect"",""x"":855,""y"":859,""width"":2362,""height"":1843}","{""name"":""not_defined"",""type"":""unknown"",""image_quality"":{""good"":true,""frontal"":true,""good_illumination"":true}}"
IMG_20200123_133018_HDR.jpg,935633,"{""caption"":"""",""public_domain"":""no"",""image_url"":""""}",1,0,"{""name"":""rect"",""x"":311,""y"":625,""width"":3185,""height"":2495}","{""name"":""not_defined"",""type"":""unknown"",""image_quality"":{""good"":true,""frontal"":true,""good_illumination"":true}}"
IMG_20200123_133051_HDR.jpg,1100236,"{""caption"":"""",""public_domain"":""no"",""image_url"":""""}",1,0,"{""name"":""rect"",""x"":891,""y"":52,""width"":1766,""height"":2618}","{""name"":""not_defined"",""type"":""unknown"",""image_quality"":{""good"":true,""frontal"":true,""good_illumination"":true}}"
IMG_20200123_133109_HDR.jpg,1096961,"{""caption"":"""",""public_domain"":""no"",""image_url"":""""}",1,0,"{""name"":""rect"",""x"":710,""y"":376,""width"":2858,""height"":2349}","{""name"":""not_defined"",""type"":""unknown"",""image_quality"":{""good"":true,""frontal"":true,""good_illumination"":true}}"
IMG_20200123_133125_HDR.jpg,1095254,"{""caption"":"""",""public_domain"":""no"",""image_url"":""""}",1,0,"{""name"":""rect"",""x"":1059,""y"":450,""width"":1542,""height"":2560}","{""name"":""not_defined"",""type"":""unknown"",""image_quality"":{""good"":true,""frontal"":true,""good_illumination"":true}}"
IMG_20200123_133158_HDR.jpg,1416123,"{""caption"":"""",""public_domain"":""no"",""image_url"":""""}",1,0,"{""name"":""rect"",""x"":1105,""y"":117,""width"":1869,""height"":2964}","{""name"":""not_defined"",""type"":""unknown"",""image_quality"":{""good"":true,""frontal"":true,""good_illumination"":true}}"
IMG_20200123_133213_HDR.jpg,1225119,"{""caption"":"""",""public_domain"":""no"",""image_url"":""""}",1,0,"{""name"":""rect"",""x"":224,""y"":256,""width"":3700,""height"":2261}","{""name"":""not_defined"",""type"":""unknown"",""image_quality"":{""good"":true,""frontal"":true,""good_illumination"":true}}"
IMG_20200123_133254_HDR.jpg,1093904,"{""caption"":"""",""public_domain"":""no"",""image_url"":""""}",1,0,"{""name"":""rect"",""x"":1017,""y"":162,""width"":1610,""height"":2508}","{""name"":""not_defined"",""type"":""unknown"",""image_quality"":{""good"":true,""frontal"":true,""good_illumination"":true}}"
IMG_20200123_133328_HDR.jpg,1076550,"{""caption"":"""",""public_domain"":""no"",""image_url"":""""}",1,0,"{""name"":""rect"",""x"":518,""y"":528,""width"":2640,""height"":1646}","{""name"":""not_defined"",""type"":""unknown"",""image_quality"":{""good"":true,""frontal"":true,""good_illumination"":true}}"
IMG_20200123_133358_HDR.jpg,1105863,"{""caption"":"""",""public_domain"":""no"",""image_url"":""""}",1,0,"{""name"":""rect"",""x"":373,""y"":658,""width"":3114,""height"":2193}","{""name"":""not_defined"",""type"":""unknown"",""image_quality"":{""good"":true,""frontal"":true,""good_illumination"":true}}"
IMG_20200123_133416_HDR.jpg,1070284,"{""caption"":"""",""public_domain"":""no"",""image_url"":""""}",1,0,"{""name"":""rect"",""x"":130,""y"":1244,""width"":2786,""height"":2026}","{""name"":""not_defined"",""type"":""unknown"",""image_quality"":{""good"":true,""frontal"":true,""good_illumination"":true}}"
IMG_20200123_133547_HDR.jpg,1242920,"{""caption"":"""",""public_domain"":""no"",""image_url"":""""}",1,0,"{""name"":""rect"",""x"":544,""y"":16,""width"":3305,""height"":2974}","{""name"":""not_defined"",""type"":""unknown"",""image_quality"":{""good"":true,""frontal"":true,""good_illumination"":true}}"
IMG_20200123_133835_HDR.jpg,1149996,"{""caption"":"""",""public_domain"":""no"",""image_url"":""""}",1,0,"{""name"":""rect"",""x"":173,""y"":1261,""width"":2644,""height"":2095}","{""name"":""not_defined"",""type"":""unknown"",""image_quality"":{""good"":true,""frontal"":true,""good_illumination"":true}}"
IMG_20200123_133844_HDR.jpg,1280816,"{""caption"":"""",""public_domain"":""no"",""image_url"":""""}",1,0,"{""name"":""rect"",""x"":165,""y"":515,""width"":3230,""height"":2210}","{""name"":""not_defined"",""type"":""unknown"",""image_quality"":{""good"":true,""frontal"":true,""good_illumination"":true}}"
IMG_20200123_133856_HDR.jpg,1078790,"{""caption"":"""",""public_domain"":""no"",""image_url"":""""}",1,0,"{""name"":""rect"",""x"":321,""y"":580,""width"":3097,""height"":1626}","{""name"":""not_defined"",""type"":""unknown"",""image_quality"":{""good"":true,""frontal"":true,""good_illumination"":true}}"
IMG_20200123_133909_HDR.jpg,1383325,"{""caption"":"""",""public_domain"":""no"",""image_url"":""""}",1,0,"{""name"":""rect"",""x"":1221,""y"":363,""width"":1976,""height"":2718}","{""name"":""not_defined"",""type"":""unknown"",""image_quality"":{""good"":true,""frontal"":true,""good_illumination"":true}}"
IMG_20200123_133932_HDR.jpg,1006409,"{""caption"":"""",""public_domain"":""no"",""image_url"":""""}",1,0,"{""name"":""rect"",""x"":484,""y"":1119,""width"":2074,""height"":1538}","{""name"":""not_defined"",""type"":""unknown"",""image_quality"":{""good"":true,""frontal"":true,""good_illumination"":true}}"
IMG_20200123_133951_HDR.jpg,1217666,"{""caption"":"""",""public_domain"":""no"",""image_url"":""""}",1,0,"{""name"":""rect"",""x"":1091,""y"":557,""width"":1856,""height"":2534}","{""name"":""not_defined"",""type"":""unknown"",""image_quality"":{""good"":true,""frontal"":true,""good_illumination"":true}}"
IMG_20200123_134001_HDR.jpg,1115895,"{""caption"":"""",""public_domain"":""no"",""image_url"":""""}",1,0,"{""name"":""rect"",""x"":159,""y"":722,""width"":2689,""height"":1704}","{""name"":""not_defined"",""type"":""unknown"",""image_quality"":{""good"":true,""frontal"":true,""good_illumination"":true}}"
IMG_20200123_134013_HDR.jpg,944338,"{""caption"":"""",""public_domain"":""no"",""image_url"":""""}",1,0,"{""name"":""rect"",""x"":1264,""y"":343,""width"":1409,""height"":2041}","{""name"":""not_defined"",""type"":""unknown"",""image_quality"":{""good"":true,""frontal"":true,""good_illumination"":true}}"
IMG_20200123_134023_HDR.jpg,1038804,"{""caption"":"""",""public_domain"":""no"",""image_url"":""""}",1,0,"{""name"":""rect"",""x"":580,""y"":100,""width"":2349,""height"":2398}","{""name"":""not_defined"",""type"":""unknown"",""image_quality"":{""good"":true,""frontal"":true,""good_illumination"":true}}"
IMG_20200123_134040_HDR.jpg,1225673,"{""caption"":"""",""public_domain"":""no"",""image_url"":""""}",1,0,"{""name"":""rect"",""x"":1040,""y"":356,""width"":1808,""height"":2258}","{""name"":""not_defined"",""type"":""unknown"",""image_quality"":{""good"":true,""frontal"":true,""good_illumination"":true}}"
IMG_20200123_134056_HDR.jpg,1033471,"{""caption"":"""",""public_domain"":""no"",""image_url"":""""}",1,0,"{""name"":""rect"",""x"":988,""y"":852,""width"":2284,""height"":1562}","{""name"":""not_defined"",""type"":""unknown"",""image_quality"":{""good"":true,""frontal"":true,""good_illumination"":true}}"
IMG_20200123_134103_HDR.jpg,1091253,"{""caption"":"""",""public_domain"":""no"",""image_url"":""""}",1,0,"{""name"":""rect"",""x"":706,""y"":120,""width"":2453,""height"":2410}","{""name"":""not_defined"",""type"":""unknown"",""image_quality"":{""good"":true,""frontal"":true,""good_illumination"":true}}"
IMG_20200123_134156_HDR.jpg,1115544,"{""caption"":"""",""public_domain"":""no"",""image_url"":""""}",1,0,"{""name"":""rect"",""x"":320,""y"":1270,""width"":2164,""height"":1693}","{""name"":""not_defined"",""type"":""unknown"",""image_quality"":{""good"":true,""frontal"":true,""good_illumination"":true}}"
IMG_20200123_134207_HDR.jpg,992283,"{""caption"":"""",""public_domain"":""no"",""image_url"":""""}",1,0,"{""name"":""rect"",""x"":674,""y"":829,""width"":1847,""height"":1445}","{""name"":""not_defined"",""type"":""unknown"",""image_quality"":{""good"":true,""frontal"":true,""good_illumination"":true}}"
IMG_20200123_134220_HDR.jpg,1118634,"{""caption"":"""",""public_domain"":""no"",""image_url"":""""}",1,0,"{""name"":""rect"",""x"":1558,""y"":567,""width"":1688,""height"":2297}","{""name"":""not_defined"",""type"":""unknown"",""image_quality"":{""good"":true,""frontal"":true,""good_illumination"":true}}"
IMG_20200123_134229_HDR.jpg,1329634,"{""caption"":"""",""public_domain"":""no"",""image_url"":""""}",1,0,"{""name"":""rect"",""x"":560,""y"":460,""width"":2783,""height"":2255}","{""name"":""not_defined"",""type"":""unknown"",""image_quality"":{""good"":true,""frontal"":true,""good_illumination"":true}}"
IMG_20200123_134239_HDR.jpg,1173183,"{""caption"":"""",""public_domain"":""no"",""image_url"":""""}",1,0,"{""name"":""rect"",""x"":901,""y"":42,""width"":2080,""height"":2491}","{""name"":""not_defined"",""type"":""unknown"",""image_quality"":{""good"":true,""frontal"":true,""good_illumination"":true}}"
IMG_20200123_134300_HDR.jpg,1248318,"{""caption"":"""",""public_domain"":""no"",""image_url"":""""}",1,0,"{""name"":""rect"",""x"":125,""y"":1534,""width"":2557,""height"":1974}","{""name"":""not_defined"",""type"":""unknown"",""image_quality"":{""good"":true,""frontal"":true,""good_illumination"":true}}"
IMG_20200123_134309_HDR.jpg,1018083,"{""caption"":"""",""public_domain"":""no"",""image_url"":""""}",1,0,"{""name"":""rect"",""x"":298,""y"":891,""width"":2721,""height"":1085}","{""name"":""not_defined"",""type"":""unknown"",""image_quality"":{""good"":true,""frontal"":true,""good_illumination"":true}}"
Sarung Jari Hitam.JPG,114505,"{""caption"":"""",""public_domain"":""no"",""image_url"":""""}",2,0,"{""name"":""rect"",""x"":154,""y"":136,""width"":285,""height"":456}","{""name"":""not_defined"",""type"":""unknown"",""image_quality"":{""good"":true,""frontal"":true,""good_illumination"":true}}"
Sarung Jari Hitam.JPG,114505,"{""caption"":"""",""public_domain"":""no"",""image_url"":""""}",2,1,"{""name"":""rect"",""x"":445,""y"":144,""width"":294,""height"":452}","{""name"":""not_defined"",""type"":""unknown"",""image_quality"":{""good"":true,""frontal"":true,""good_illumination"":true}}"
Sarung Jari Hitam Tampak Atas.JPG,164418,"{""caption"":"""",""public_domain"":""no"",""image_url"":""""}",1,0,"{""name"":""rect"",""x"":242,""y"":140,""width"":402,""height"":430}","{""name"":""not_defined"",""type"":""unknown"",""image_quality"":{""good"":true,""frontal"":true,""good_illumination"":true}}"
Sarung Jari Hitam Tampak Samping Kanan.JPG,125087,"{""caption"":"""",""public_domain"":""no"",""image_url"":""""}",1,0,"{""name"":""rect"",""x"":180,""y"":246,""width"":547,""height"":184}","{""name"":""not_defined"",""type"":""unknown"",""image_quality"":{""good"":true,""frontal"":true,""good_illumination"":true}}"
Sarung Jari Hitam Tampak Samping Kanan (2).JPG,160497,"{""caption"":"""",""public_domain"":""no"",""image_url"":""""}",1,0,"{""name"":""rect"",""x"":250,""y"":125,""width"":409,""height"":289}","{""name"":""not_defined"",""type"":""unknown"",""image_quality"":{""good"":true,""frontal"":true,""good_illumination"":true}}"
Sarung Jari Hitam Tampak Samping Kiri.JPG,112714,"{""caption"":"""",""public_domain"":""no"",""image_url"":""""}",2,0,"{""name"":""rect"",""x"":241,""y"":101,""width"":334,""height"":110}","{""name"":""not_defined"",""type"":""unknown"",""image_quality"":{""good"":true,""frontal"":true,""good_illumination"":true}}"
Sarung Jari Hitam Tampak Samping Kiri.JPG,112714,"{""caption"":"""",""public_domain"":""no"",""image_url"":""""}",2,1,"{""name"":""rect"",""x"":219,""y"":213,""width"":486,""height"":201}","{""name"":""not_defined"",""type"":""unknown"",""image_quality"":{""good"":true,""frontal"":true,""good_illumination"":true}}"
Sarung Jari Hitam Tampak Samping Kiri (2).JPG,195064,"{""caption"":"""",""public_domain"":""no"",""image_url"":""""}",1,0,"{""name"":""rect"",""x"":226,""y"":90,""width"":420,""height"":327}","{""name"":""not_defined"",""type"":""unknown"",""image_quality"":{""good"":true,""frontal"":true,""good_illumination"":true}}"
Sarung Jari Putih Tampak Atas.JPG,119326,"{""caption"":"""",""public_domain"":""no"",""image_url"":""""}",2,0,"{""name"":""rect"",""x"":114,""y"":68,""width"":299,""height"":483}","{""name"":""not_defined"",""type"":""unknown"",""image_quality"":{""good"":true,""frontal"":true,""good_illumination"":true}}"
Sarung Jari Putih Tampak Atas.JPG,119326,"{""caption"":"""",""public_domain"":""no"",""image_url"":""""}",2,1,"{""name"":""rect"",""x"":416,""y"":91,""width"":343,""height"":482}","{""name"":""not_defined"",""type"":""unknown"",""image_quality"":{""good"":true,""frontal"":true,""good_illumination"":true}}"
Sarung Jari Putih Tampak Atas (2).JPG,155919,"{""caption"":"""",""public_domain"":""no"",""image_url"":""""}",1,0,"{""name"":""rect"",""x"":311,""y"":122,""width"":384,""height"":446}","{""name"":""not_defined"",""type"":""unknown"",""image_quality"":{""good"":true,""frontal"":true,""good_illumination"":true}}"
Sarung Jari Putih Tampak Atas (3).JPG,163739,"{""caption"":"""",""public_domain"":""no"",""image_url"":""""}",1,0,"{""name"":""rect"",""x"":298,""y"":84,""width"":344,""height"":396}","{""name"":""not_defined"",""type"":""unknown"",""image_quality"":{""good"":true,""frontal"":true,""good_illumination"":true}}"
Sarung Jari Putih Tampak Kiri.JPG,188786,"{""caption"":"""",""public_domain"":""no"",""image_url"":""""}",1,0,"{""name"":""rect"",""x"":348,""y"":165,""width"":404,""height"":288}","{""name"":""not_defined"",""type"":""unknown"",""image_quality"":{""good"":true,""frontal"":true,""good_illumination"":true}}"
Sarung Jari Putih Tampak Samping Kanan.JPG,134621,"{""caption"":"""",""public_domain"":""no"",""image_url"":""""}",2,0,"{""name"":""rect"",""x"":272,""y"":228,""width"":329,""height"":93}","{""name"":""not_defined"",""type"":""unknown"",""image_quality"":{""good"":true,""frontal"":true,""good_illumination"":true}}"
Sarung Jari Putih Tampak Samping Kanan.JPG,134621,"{""caption"":"""",""public_domain"":""no"",""image_url"":""""}",2,1,"{""name"":""rect"",""x"":176,""y"":322,""width"":485,""height"":190}","{""name"":""not_defined"",""type"":""unknown"",""image_quality"":{""good"":true,""frontal"":true,""good_illumination"":true}}"
Sarung Jari Putih Tampak Samping Kiri.JPG,120033,"{""caption"":"""",""public_domain"":""no"",""image_url"":""""}",2,0,"{""name"":""rect"",""x"":250,""y"":190,""width"":296,""height"":109}","{""name"":""not_defined"",""type"":""unknown"",""image_quality"":{""good"":true,""frontal"":true,""good_illumination"":true}}"
Sarung Jari Putih Tampak Samping Kiri.JPG,120033,"{""caption"":"""",""public_domain"":""no"",""image_url"":""""}",2,1,"{""name"":""rect"",""x"":298,""y"":301,""width"":392,""height"":191}","{""name"":""not_defined"",""type"":""unknown"",""image_quality"":{""good"":true,""frontal"":true,""good_illumination"":true}}"
Sarung Jari Putih Tampak Samping Kiri (2).JPG,166348,"{""caption"":"""",""public_domain"":""no"",""image_url"":""""}",1,0,"{""name"":""rect"",""x"":243,""y"":130,""width"":332,""height"":256}","{""name"":""not_defined"",""type"":""unknown"",""image_quality"":{""good"":true,""frontal"":true,""good_illumination"":true}}"
Sarung Tangan Lint Free dan Sarung Jari Hitam Tampak Atas.JPG,140131,"{""caption"":"""",""public_domain"":""no"",""image_url"":""""}",1,0,"{""name"":""rect"",""x"":294,""y"":66,""width"":418,""height"":459}","{""name"":""not_defined"",""type"":""unknown"",""image_quality"":{""good"":true,""frontal"":true,""good_illumination"":true}}"
Sarung Tangan Lint Free dan Sarung Jari Hitam Tampak Atas (2).JPG,114534,"{""caption"":"""",""public_domain"":""no"",""image_url"":""""}",1,0,"{""name"":""rect"",""x"":271,""y"":64,""width"":429,""height"":460}","{""name"":""not_defined"",""type"":""unknown"",""image_quality"":{""good"":true,""frontal"":true,""good_illumination"":true}}"
Sarung Tangan Lint Free dan Sarung Jari Hitam Tampak Samping Kanan.JPG,161047,"{""caption"":"""",""public_domain"":""no"",""image_url"":""""}",1,0,"{""name"":""rect"",""x"":214,""y"":66,""width"":404,""height"":273}","{""name"":""not_defined"",""type"":""unknown"",""image_quality"":{""good"":true,""frontal"":true,""good_illumination"":true}}"
Sarung Tangan Lint Free dan Sarung Jari Hitam Tampak Samping Kiri.JPG,180025,"{""caption"":"""",""public_domain"":""no"",""image_url"":""""}",1,0,"{""name"":""rect"",""x"":260,""y"":145,""width"":443,""height"":302}","{""name"":""not_defined"",""type"":""unknown"",""image_quality"":{""good"":true,""frontal"":true,""good_illumination"":true}}"
Sarung Tangan Lint Free dan Sarung Jari Hitam Tampak Samping Kiri (2).JPG,179043,"{""caption"":"""",""public_domain"":""no"",""image_url"":""""}",1,0,"{""name"":""rect"",""x"":235,""y"":158,""width"":406,""height"":265}","{""name"":""not_defined"",""type"":""unknown"",""image_quality"":{""good"":true,""frontal"":true,""good_illumination"":true}}"
Sarung Tangan Lint Free dan Sarung Jari Putih.jpg,138969,"{""caption"":"""",""public_domain"":""no"",""image_url"":""""}",1,0,"{""name"":""rect"",""x"":46,""y"":71,""width"":839,""height"":454}","{""name"":""not_defined"",""type"":""unknown"",""image_quality"":{""good"":true,""frontal"":true,""good_illumination"":true}}"
Sarung Tangan Lint Free dan Sarung Jari Putih Tampak Atas.JPG,151961,"{""caption"":"""",""public_domain"":""no"",""image_url"":""""}",1,0,"{""name"":""rect"",""x"":278,""y"":39,""width"":415,""height"":557}","{""name"":""not_defined"",""type"":""unknown"",""image_quality"":{""good"":true,""frontal"":true,""good_illumination"":true}}"
Sarung Tangan Lint Free dan Sarung Jari Putih Tampak Samping Kanan.JPG,166779,"{""caption"":"""",""public_domain"":""no"",""image_url"":""""}",1,0,"{""name"":""rect"",""x"":188,""y"":128,""width"":477,""height"":345}","{""name"":""not_defined"",""type"":""unknown"",""image_quality"":{""good"":true,""frontal"":true,""good_illumination"":true}}"
Sarung Tangan Lint Free dan Sarung Jari Putih Tampak Samping Kanan (2).JPG,138969,"{""caption"":"""",""public_domain"":""no"",""image_url"":""""}",1,0,"{""name"":""rect"",""x"":49,""y"":49,""width"":798,""height"":477}","{""name"":""not_defined"",""type"":""unknown"",""image_quality"":{""good"":true,""frontal"":true,""good_illumination"":true}}"
Sarung Tangan Lint Free dan Sarung Jari Putih Tampak Samping Kiri.JPG,188394,"{""caption"":"""",""public_domain"":""no"",""image_url"":""""}",1,0,"{""name"":""rect"",""x"":303,""y"":121,""width"":369,""height"":318}","{""name"":""not_defined"",""type"":""unknown"",""image_quality"":{""good"":true,""frontal"":true,""good_illumination"":true}}"
Sarung Tangan Lint Free dan Sarung Jari Putih Tampak Samping Kiri (2).JPG,113027,"{""caption"":"""",""public_domain"":""no"",""image_url"":""""}",1,0,"{""name"":""rect"",""x"":42,""y"":75,""width"":679,""height"":464}","{""name"":""not_defined"",""type"":""unknown"",""image_quality"":{""good"":true,""frontal"":true,""good_illumination"":true}}"
Sarung Tangan Lint Free dan Sarung Tangan Jari Hitam Tampak Samping Kiri.JPG,167369,"{""caption"":"""",""public_domain"":""no"",""image_url"":""""}",1,0,"{""name"":""rect"",""x"":216,""y"":69,""width"":513,""height"":306}","{""name"":""not_defined"",""type"":""unknown"",""image_quality"":{""good"":true,""frontal"":true,""good_illumination"":true}}"
Sarung Tangan Lint Free Tampak Atas.JPG,153833,"{""caption"":"""",""public_domain"":""no"",""image_url"":""""}",1,0,"{""name"":""rect"",""x"":228,""y"":86,""width"":487,""height"":512}","{""name"":""not_defined"",""type"":""unknown"",""image_quality"":{""good"":true,""frontal"":true,""good_illumination"":true}}"
Sarung Tangan Lint Free Tampak Samping Kanan .JPG,177553,"{""caption"":"""",""public_domain"":""no"",""image_url"":""""}",1,0,"{""name"":""rect"",""x"":258,""y"":159,""width"":428,""height"":254}","{""name"":""not_defined"",""type"":""unknown"",""image_quality"":{""good"":true,""frontal"":true,""good_illumination"":true}}"
Sarung Tangan Lint Free Tampak Samping Kiri.JPG,182640,"{""caption"":"""",""public_domain"":""no"",""image_url"":""""}",1,0,"{""name"":""rect"",""x"":295,""y"":159,""width"":431,""height"":297}","{""name"":""not_defined"",""type"":""unknown"",""image_quality"":{""good"":true,""frontal"":true,""good_illumination"":true}}"
Sarung Tangan Palm Conductive Tampak Atas.JPG,139011,"{""caption"":"""",""public_domain"":""no"",""image_url"":""""}",1,0,"{""name"":""rect"",""x"":316,""y"":49,""width"":399,""height"":543}","{""name"":""not_defined"",""type"":""unknown"",""image_quality"":{""good"":true,""frontal"":true,""good_illumination"":true}}"
Sarung Tangan Palm Conductive Tampak Samping Kanan.JPG,177469,"{""caption"":"""",""public_domain"":""no"",""image_url"":""""}",1,0,"{""name"":""rect"",""x"":183,""y"":95,""width"":472,""height"":284}","{""name"":""not_defined"",""type"":""unknown"",""image_quality"":{""good"":true,""frontal"":true,""good_illumination"":true}}"
Sarung Tangan Palm Conductive Tampak Samping Kiri.JPG,172241,"{""caption"":"""",""public_domain"":""no"",""image_url"":""""}",1,0,"{""name"":""rect"",""x"":271,""y"":115,""width"":422,""height"":302}","{""name"":""not_defined"",""type"":""unknown"",""image_quality"":{""good"":true,""frontal"":true,""good_illumination"":true}}"